 Sr.No , SKU Code , Short Specification , Detailed Specification , UOM , Units , LOB , Portfolio , Brand , Sub Brand , Speciality , Section , GST % 
1,ABW810,GT-BONEWAX (2 GM),BONEWAX X 2 GM,DZ,  12 , Others , P-1 ,Aspiron,Aspiron Others,NCV,Section M,5
2,ACGC01 4226,GT-CHROMIC CATGUT 1 X 76-45MM 3/8 Circle Round Body,CHROMIC CATGUT 1 X 76-45MM 3/8 CIRCLE ROUND BODY  ,DZ,  12 , Suture , P-1 ,Aspiron,Aspiron,NCV,Section M,5
3,ACGC01 4227,GT-CHROMIC CATGUT 1 X 100-45MM 1/2 Circle Round Body,CHROMIC CATGUT 1 X 100-45MM 1/2 CIRCLE ROUND BODY  ,DZ,  12 , Suture , P-1 ,Aspiron,Aspiron,NCV,Section M,5
4,ACGC01 4248,GT-CHROMIC CATGUT 1 X 100-50MM 1/2 Circle Round Body,CHROMIC CATGUT 1 X 100-50MM 1/2 CIRCLE ROUND BODY  ,DZ,  12 , Suture , P-1 ,Aspiron,Aspiron,NCV,Section M,5
5,ACGC01 4259,GT-CHROMIC CATGUT 1 X 76-40MM 1/2 Circle Round Body,CHROMIC CATGUT 1 X 76-40MM 1/2 CIRCLE ROUND BODY  ,DZ,  12 , Suture , P-1 ,Aspiron,Aspiron,NCV,Section M,5
6,ACGC02 4228,GT-CHROMIC CATGUT 2 X 100-45MM 1/2 Circle Round Body,CHROMIC CATGUT 2 X 100-45MM 1/2 CIRCLE ROUND BODY  ,DZ,  12 , Suture , P-1 ,Aspiron,Aspiron,NCV,Section M,5
7,ACGC10 4221,GT-CHROMIC CATGUT 0 X 76-40MM 3/8 Circle Round Body,CHROMIC CATGUT 0 X 76-40MM 3/8 CIRCLE ROUND BODY  ,DZ,  12 , Suture , P-1 ,Aspiron,Aspiron,NCV,Section M,5
8,ACGC10 4229,GT-CHROMIC CATGUT 0 X 100-45MM 1/2 Circle Round Body,CHROMIC CATGUT 0 X 100-45MM 1/2 CIRCLE ROUND BODY  ,DZ,  12 , Suture , P-1 ,Aspiron,Aspiron,NCV,Section M,5
9,ACGC10 4242,GT-CHROMIC CATGUT 0 X 76-30MM 1/2 Circle Round Body,CHROMIC CATGUT 0 X 76-30MM 1/2 CIRCLE ROUND BODY  ,DZ,  12 , Suture , P-1 ,Aspiron,Aspiron,NCV,Section M,5
10,ACGC10 4246,GT-CHROMIC CATGUT 0 X 76-40MM 1/2 Circle Round Body,CHROMIC CATGUT 0 X 76-40MM 1/2 CIRCLE ROUND BODY  ,DZ,  12 , Suture , P-1 ,Aspiron,Aspiron,NCV,Section M,5
11,ACGC20 4216,GT-CHROMIC CATGUT 2-0 X 76-30MM 3/8 Circle Round Body,CHROMIC CATGUT 2-0 X 76-30MM 3/8 CIRCLE ROUND BODY  ,DZ,  12 , Suture , P-1 ,Aspiron,Aspiron,NCV,Section M,5
12,ACGC20 4241,GT-CHROMIC CATGUT 2-0 X 76-30MM 1/2 Circle Round Body,CHROMIC CATGUT 2-0 X 76-30MM 1/2 CIRCLE ROUND BODY  ,DZ,  12 , Suture , P-1 ,Aspiron,Aspiron,NCV,Section M,5
13,ACGC30 4237,GT-CHROMIC CATGUT 3-0 X 76-20MM 1/2 Circle Round Body,CHROMIC CATGUT 3-0 X 76-20MM 1/2 CIRCLE ROUND BODY  ,DZ,  12 , Suture , P-1 ,Aspiron,Aspiron,NCV,Section M,5
14,ACGS01 2215,GT-CHROMIC CATGUT 1 X 152,CHROMIC CATGUT 1 X 152,DZ,  12 , Suture , P-1 ,Aspiron,Aspiron,NCV,Section M,5
15,ACGS10 2214,GT-CHROMIC CATGUT 0 X 152,CHROMIC CATGUT 0 X 152,DZ,  12 , Suture , P-1 ,Aspiron,Aspiron,NCV,Section M,5
16,AMHR KIT 1,"GT-APPL20844APGN202317,ANYL203336APPM611","GT-APPL20844APGN202317,ANYL203336APPM611",BOX,  1 , Kit , P-1 ,Aspiron,Aspiron Mesh Kit,Mesh,Section M,5
17,AMHR KIT 2,"GT-APPL20844APGN202317,ANYL203336APPM715","GT-APPL20844APGN202317,ANYL203336APPM715",BOX,  1 , Kit , P-1 ,Aspiron,Aspiron Mesh Kit,Mesh,Section M,5
18,ANYL01 3338,GT-POLYAMIDE Black 1 X 100-45MM 1/2 Circle Reverse Cutting,POLYAMIDE BLACK  1 X 100-45MM 1/2 CIRCLE REVERSE CUTTING  ,DZ,  12 , Suture , P-1 ,Aspiron,Aspiron,NCV,Section M,5
19,ANYL01 3348,GT-POLYAMIDE Black 1 X 150-48MM 1/2 Circle Round Body LOOP,POLYAMIDE BLACK  1 X 150-48MM 1/2 CIRCLE ROUND BODY  LOOP,DZ,  12 , Suture , P-1 ,Aspiron,Aspiron,NCV,Section M,5
20,ANYL013338NE,ANE-POLYAMIDE Black 1 X 100-45MM 1/2 Circle Reverse Cutting,POLYAMIDE BLACK  1 X 100-45MM 1/2 CIRCLE REVERSE CUTTING  ,DZ,  12 , Suture , P-1 ,Aspiron,Aspiron,NCV,Section N,5
21,ANYL013338Q1,SP-POLYAMIDE Black 1 X 100-45MM 1/2 Circle Reverse Cutting,POLYAMIDE BLACK  1 X 100-45MM 1/2 CIRCLE REVERSE CUTTING  ,DZ,  12 , Suture , P-1 ,Aspiron,Aspiron,NCV,Section M,5
22,ANYL10 3337,GT-POLYAMIDE Black 0 X 70-45MM 3/8 Circle Reverse Cutting,POLYAMIDE BLACK  0 X 70-45MM 3/8 CIRCLE REVERSE CUTTING  ,DZ,  12 , Suture , P-1 ,Aspiron,Aspiron,NCV,Section M,5
23,ANYL103337NE,ANE-POLYAMIDE Black 0 X 70-45MM 3/8 Circle Reverse Cutting,POLYAMIDE BLACK  0 X 70-45MM 3/8 CIRCLE REVERSE CUTTING  ,DZ,  12 , Suture , P-1 ,Aspiron,Aspiron,NCV,Section N,5
24,ANYL103337Q1,SP-POLYAMIDE Black 0 X 70-45MM 3/8 Circle Reverse Cutting,POLYAMIDE BLACK  0 X 70-45MM 3/8 CIRCLE REVERSE CUTTING  ,DZ,  12 , Suture , P-1 ,Aspiron,Aspiron,NCV,Section M,5
25,ANYL20 3336,GT-POLYAMIDE Black 2-0 X 70-45MM 3/8 Circle Reverse Cutting,POLYAMIDE BLACK  2-0 X 70-45MM 3/8 CIRCLE REVERSE CUTTING  ,DZ,  12 , Suture , P-1 ,Aspiron,Aspiron,NCV,Section M,5
26,ANYL20 3336SL,GT-POLYAMIDE Black 2-0 X 35-45MM 3/8 Circle Reverse Cutting,POLYAMIDE BLACK  2-0 X 35-45MM 3/8 CIRCLE REVERSE CUTTING  ,DZ,  12 , Suture , P-1 ,Aspiron,Aspiron,NCV,Section M,5
27,ANYL203336NE,ANE-POLYAMIDE Black 2-0 X 70-45MM 3/8 Circle Reverse Cutting,POLYAMIDE BLACK  2-0 X 70-45MM 3/8 CIRCLE REVERSE CUTTING  ,DZ,  12 , Suture , P-1 ,Aspiron,Aspiron,NCV,Section N,5
28,ANYL203336Q1,SP-POLYAMIDE Black 2-0 X 70-45MM 3/8 Circle Reverse Cutting,POLYAMIDE BLACK  2-0 X 70-45MM 3/8 CIRCLE REVERSE CUTTING  ,DZ,  12 , Suture , P-1 ,Aspiron,Aspiron,NCV,Section M,5
29,ANYL203336SLNE,ANE-POLYAMIDE Black 2-0 X 35-45MM 3/8 Circle Reverse Cutting,POLYAMIDE BLACK  2-0 X 35-45MM 3/8 CIRCLE REVERSE CUTTING  ,DZ,  12 , Suture , P-1 ,Aspiron,Aspiron,NCV,Section N,5
30,ANYL203336SLQ1,SP-POLYAMIDE Black 2-0 X 35-45MM 3/8 Circle Reverse Cutting,POLYAMIDE BLACK  2-0 X 35-45MM 3/8 CIRCLE REVERSE CUTTING  ,DZ,  12 , Suture , P-1 ,Aspiron,Aspiron,NCV,Section M,5
31,ANYL30 3328,GT-POLYAMIDE Black 3-0 X 70-26MM 3/8 Circle Reverse Cutting,POLYAMIDE BLACK  3-0 X 70-26MM 3/8 CIRCLE REVERSE CUTTING  ,DZ,  12 , Suture , P-1 ,Aspiron,Aspiron,NCV,Section M,5
32,ANYL30 3328SL,GT-POLYAMIDE Black 3-0 X 35-26MM 3/8 Circle Reverse Cutting,POLYAMIDE BLACK  3-0 X 35-26MM 3/8 CIRCLE REVERSE CUTTING  ,DZ,  12 , Suture , P-1 ,Aspiron,Aspiron,NCV,Section M,5
33,ANYL303328NE,ANE-POLYAMIDE Black 3-0 X 70-26MM 3/8 Circle Reverse Cutting,POLYAMIDE BLACK  3-0 X 70-26MM 3/8 CIRCLE REVERSE CUTTING  ,DZ,  12 , Suture , P-1 ,Aspiron,Aspiron,NCV,Section N,5
34,ANYL303328Q1,SP-POLYAMIDE Black 3-0 X 70-26MM 3/8 Circle Reverse Cutting,POLYAMIDE BLACK  3-0 X 70-26MM 3/8 CIRCLE REVERSE CUTTING  ,DZ,  12 , Suture , P-1 ,Aspiron,Aspiron,NCV,Section M,5
35,ANYL303328SLNE,ANE-POLYAMIDE Black 3-0 X 35-26MM 3/8 Circle Reverse Cutting,POLYAMIDE BLACK  3-0 X 35-26MM 3/8 CIRCLE REVERSE CUTTING  ,DZ,  12 , Suture , P-1 ,Aspiron,Aspiron,NCV,Section N,5
36,ANYL303328SLQ1,SP-POLYAMIDE Black 3-0 X 35-26MM 3/8 Circle Reverse Cutting,POLYAMIDE BLACK  3-0 X 35-26MM 3/8 CIRCLE REVERSE CUTTING  ,DZ,  12 , Suture , P-1 ,Aspiron,Aspiron,NCV,Section M,5
37,ANYL40 3319,GT-POLYAMIDE Black 4-0 X 90-16MM 3/8 Circle Cutting,POLYAMIDE BLACK  4-0 X 90-16MM 3/8 CIRCLE CUTTING ,DZ,  12 , Suture , P-1 ,Aspiron,Aspiron,NCV,Section M,5
38,APCL30 1326U,GT-Polyglecaprone  Undyed 3-0 X 70-25MM 3/8 Circle Cutting,POLYGLECAPRONE  UNDYED 3-0 X 70-25MM 3/8 CIRCLE CUTTING ,DZ,  12 , Suture , P-1 ,Aspiron,Aspiron,NCV,Section M,5
39,APCL301326UNE,ANE-Polyglecaprone  Undyed 3-0 X 70-25MM 3/8 Circle Cutting,POLYGLECAPRONE  UNDYED 3-0 X 70-25MM 3/8 CIRCLE CUTTING ,DZ,  12 , Suture , P-1 ,Aspiron,Aspiron,NCV,Section N,5
40,APDX01 9262,GT- Polydioxanone  Violet 1 X 150-50MM 1/2 Circle Round Body LOOP,POLYDIOXANONE VIOLET  1 X 150-50MM 1/2 CIRCLE ROUND BODY  LOOP,DZ,  12 , Suture , P-1 ,Aspiron,Aspiron,NCV,Section M,5
41,APDX01 9352,GT- Polydioxanone  Violet 1 X 90-40MM 1/2 Circle Round Body,POLYDIOXANONE VIOLET  1 X 90-40MM 1/2 CIRCLE ROUND BODY  ,DZ,  12 , Suture , P-1 ,Aspiron,Aspiron,NCV,Section M,5
42,APDX019352Q1,SP- Polydioxanone  Violet 1 X 90-40MM 1/2 Circle Round Body,POLYDIOXANONE VIOLET  1 X 90-40MM 1/2 CIRCLE ROUND BODY  ,DZ,  12 , Suture , P-1 ,Aspiron,Aspiron,NCV,Section M,5
43,APGA01 2347,GT-Polyglycolic Acid   Violet 1 X 90-40MM 1/2 Circle Round Body,POLYGLYCOLIC ACID VIOLET  1 X 90-40MM 1/2 CIRCLE ROUND BODY  ,DZ,  12 , Suture , P-1 ,Aspiron,Aspiron,NCV,Section M,5
44,APGA01 2347DN,GT-Polyglycolic Acid   Violet 1 X 140-40MM 1/2 Circle Round Body Taper Cut Double  Needle ,POLYGLYCOLIC ACID VIOLET  1 X 140-40MM 1/2 CIRCLE ROUND BODY  TAPERCUT DOUBLE NEEDLE  ,DZ,  12 , Suture , P-1 ,Aspiron,Aspiron,NCV,Section M,5
45,APGA01 2347DNL,GT-Polyglycolic Acid   Violet 1 X 180-40MM 1/2 Circle Round Body Taper Cut Double  Needle ,POLYGLYCOLIC ACID VIOLET  1 X 180-40MM 1/2 CIRCLE ROUND BODY  TAPERCUT DOUBLE NEEDLE  ,DZ,  12 , Suture , P-1 ,Aspiron,Aspiron,NCV,Section M,5
46,APGA01 2421,GT-Polyglycolic Acid   Violet 1 X 90-40MM 1/2 Circle Reverse Cutting,POLYGLYCOLIC ACID VIOLET  1 X 90-40MM 1/2 CIRCLE REVERSE CUTTING  ,DZ,  12 , Suture , P-1 ,Aspiron,Aspiron,NCV,Section M,5
47,APGA01 2826,GT-Polyglycolic Acid   Violet 1 X 35-23MM 1/2 Circle Reverse Cutting,POLYGLYCOLIC ACID VIOLET  1 X 35-23MM 1/2 CIRCLE REVERSE CUTTING  ,DZ,  12 , Suture , P-1 ,Aspiron,Aspiron,NCV,Section M,5
48,APGA10 2346,GT-Polyglycolic Acid   Violet 0 X 90-40MM 1/2 Circle Round Body,POLYGLYCOLIC ACID VIOLET  0 X 90-40MM 1/2 CIRCLE ROUND BODY  ,DZ,  12 , Suture , P-1 ,Aspiron,Aspiron,NCV,Section M,5
49,APGA10 2346DN,GT-Polyglycolic Acid   Violet 0 X 140-40MM 1/2 Circle Round Body Taper Cut Double  Needle ,POLYGLYCOLIC ACID VIOLET  0 X 140-40MM 1/2 CIRCLE ROUND BODY  TAPERCUT DOUBLE NEEDLE  ,DZ,  12 , Suture , P-1 ,Aspiron,Aspiron,NCV,Section M,5
50,APGA10 2346DNL,GT-Polyglycolic Acid   Violet 0 X 180-40MM 1/2 Circle Round Body Taper Cut Double  Needle ,POLYGLYCOLIC ACID VIOLET  0 X 180-40MM 1/2 CIRCLE ROUND BODY  TAPERCUT DOUBLE NEEDLE  ,DZ,  12 , Suture , P-1 ,Aspiron,Aspiron,NCV,Section M,5